Doc;NF;Pedido;Geração;Horário;Cliente;CNPJ;Representante;Vendedor;Transportador;Valor Líquido;
NFS;148298;13417;05/01/2026;16:20;PMZ DISTRIBUIDORA S.A;22.763.502/0017-74;LUAN ATENDIMENTO DIRETO;LUAN CLEMENTE COSTA;TODO BRASIL TRANSPORTES LTDA; 2.773,79 ;
NFS;148299;13430;05/01/2026;16:41;ROGER COMERCIO DE AUTO PECAS LTDA;02.466.604/0001-53;LUAN ATENDIMENTO DIRETO;LUAN CLEMENTE COSTA;RODONAVES ATE 100 KG; 5.082,17 ;
NFS;148300;13429;05/01/2026;16:44;PILOTO AUTOMOTIVA E REFRIGERACAO LTDA;02.921.247/0002-57;AAR CISCATO LTDA.;LUAN CLEMENTE COSTA;TRANS APUCARANA TRANSPORTES RODOVIARIOS LTDA (COLETA); 1.656,32 ;
NFS;148301;13423;05/01/2026;16:51;PETRUCCI DISTRIBUIDORA DE AUTO PECAS LTDA;00.788.422/0001-73;VIVIANE ATENDIM DIRETO;VIVIANE GOMES DOS SANTOS;RODONAVES ATE 100 KG; 10.271,30 ;
NFS;148302;13422;05/01/2026;17:18;AURELIA VIANA NOGUEIRA ME;10.308.806/0001-03;EXPAND REPRESENTACOES E CONSULTORIA LTDA;JONATAS TEIXEIRA;MULTI CARGAS LTDA.(COLETA); 4.490,44 ;
NFS;148303;13451;06/01/2026;08:32;COMERCIO E DISTRIBUIDORA SBC DIESEL EIRELI;37.406.644/0001-94;VIVIANE ATENDIM DIRETO;VIVIANE GOMES DOS SANTOS;O PROPRIO; 1.158,88 ;
NFS;148304;13427;06/01/2026;08:46;PILOTO AUTOMOTIVA E REFRIGERAÇÃO LTDA;02.921.247/0001-76;AAR CISCATO LTDA.;LUAN CLEMENTE COSTA;RODONAVES TRANSPORTES E ENCOMENDAS LTDA; 5.191,90 ;
NFS;148306;13444;06/01/2026;09:16;DIRCEU ROSA SENNA & CIA LTDA ME;11.479.699/0001-30;LUAN ATENDIMENTO DIRETO;LUAN CLEMENTE COSTA;RODONAVES TRANSPORTES E ENCOMENDAS LTDA; 3.486,95 ;
NFS;148307;13452;06/01/2026;09:50;FARIA VEICULOS LTDA;01.869.253/0001-69;ALTERNATIVAS EM PECAS DE REPOSICAO AUTOMOTIVAS LTDA;FRANCIELLE DE OLIVEIRA BUENO;MECANICA INDUSTRIAL CENTRO LTDA; 3.326,00 ;
NFS;148311;13446;06/01/2026;10:08;IRMAOS TOME SCANIA LTDA - EPP;23.332.950/0001-19;DUTRA DE MELO REPRESENTACOES LTDA ME;FRANCIELLE DE OLIVEIRA BUENO;M.W.TRANSPORTES LTDA. (COLETA) EUREKA; 3.569,27 ;
NFS;148312;13425;06/01/2026;10:09;MOREIRA CARVALHAES AUTO PECAS LTDA.;03.451.988/0001-01;GABRIEL ATENDIMENTO DIRETO;GABRIEL NEVES;MECANICA INDUSTRIAL CENTRO LTDA; 4.764,00 ;
NFS;148313;13426;06/01/2026;11:13;MERCEVOLKS PATAGONIA PEÇAS E ACESSORIOS PARA VEICU;10.957.585/0001-96;FRANCIELLE ATENDIM DIRETO;FRANCIELLE DE OLIVEIRA BUENO;F.AGUIARTRANSPORTES (FLECHA AZUL ); 2.973,48 ;
NFS;148314;13460;06/01/2026;12:05;GC GUSCAR COMERCIO DE AUTO PECAS LTDA.;05.213.329/0001-54;THAIS ATENDIM DIRETO;THAIS SERPA KOVACIC;MECANICA INDUSTRIAL CENTRO LTDA; 2.660,22 ;
NFS;148316;13428;06/01/2026;12:18;JS DISTRIBUIDORA DE PECAS S/A;04.185.877/0025-22;GABRIEL ATENDIMENTO DIRETO;GABRIEL NEVES;ALFA TRANSPORTES ESPECIAIS LTDA; 5.555,20 ;
NFS;148317;13457;06/01/2026;14:59;ITACUÃ COMERCIAL DE VEÍCULOS LTDA;52.084.225/0001-77;ALTERNATIVAS EM PECAS DE REPOSICAO AUTOMOTIVAS LTDA;FRANCIELLE DE OLIVEIRA BUENO;RODONAVES ATE 100 KG; 1.279,00 ;
NFS;148318;13441;06/01/2026;15:04;VAREJAO COMERCIO E SERVICOS LTDA;14.897.423/0002-41;AVANT COMERCIO E REPRESENTAÇOES;MARINETE GONÇALVES DE OLIVEIRA;TRANSPECAS TRANSPORTES ESP. DE CARGAS E REPRESENTAÇÃO LTDA (N); 3.810,17 ;
NFS;148319;13450;06/01/2026;15:36;INDUSTRIA E COMERCIO DE EMBREAGENS PRIMOS LTDA-EPP;01.623.913/0001-27;MARINETE ATENDIM DIRETO;MARINETE GONÇALVES DE OLIVEIRA;ULTRAPRESS CARGAS LTDA. (COLETA); 6.556,50 ;
NFS;148320;13445;06/01/2026;15:48;VAREJAO COMERCIO E SERVICOS LTDA;14.897.423/0001-60;AVANT COMERCIO E REPRESENTAÇOES;MARINETE GONÇALVES DE OLIVEIRA;TRANSPECAS TRANSPORTES ESP. DE CARGAS E REPRESENTAÇÃO LTDA (N); 5.096,90 ;
NFS;148321;13471;06/01/2026;16:26;DINATEC PECAS E SERVICOS LTDA;56.124.506/0002-48;TALITA ATENDIM DIRETO;TALITA SANTOS STEVANELLI;RODONAVES ATE 100 KG; 3.508,64 ;
NFS;148322;13439;06/01/2026;16:38;JS DISTRIBUIDORA DE PECAS S/A;04.185.877/0004-06;FERNANDES REPRESENTAÇÕES LTDA – ME;ANDRE OLIVEIRA;GLOBAL AIR CARGO LTDA.(COLETA) (GLOBAL CARGO); 13.291,94 ;
NFS;148323;13431;06/01/2026;16:44;JS DISTRIBUIDORA DE PECAS S/A;04.185.877/0004-06;FERNANDES REPRESENTAÇÕES LTDA – ME;ANDRE OLIVEIRA;GLOBAL AIR CARGO LTDA.(COLETA) (GLOBAL CARGO); 3.145,77 ;
NFS;148325;13448;06/01/2026;16:59;MID DISTRIBUIDORA DE PECAS LTDA;16.722.117/0001-19;WALDISNEY REPRESENTACOES LTDA. M.E.;ANDRE OLIVEIRA;SOLIDA TRANSPORTES LT; 6.129,80 ;
NFS;148326;13421;06/01/2026;16:59;SORASA AUTO PECAS LTDA;72.329.550/0001-60;AAR CISCATO LTDA.;LUAN CLEMENTE COSTA;RODONAVES ATE 100 KG; 3.423,42 ;
NFS;148327;13432;06/01/2026;17:18;M.SAM DISTRIBUIDORA DE PECAS LTDA.;04.935.166/0001-50;VIVIANE ATENDIM DIRETO;VIVIANE GOMES DOS SANTOS;MECANICA INDUSTRIAL CENTRO LTDA; 2.463,30 ;
NFS;148328;13437;06/01/2026;17:31;DINATEC PECAS E SERVICOS LTDA;56.124.506/0002-48;TALITA ATENDIM DIRETO;TALITA SANTOS STEVANELLI;RODONAVES ATE 100 KG; 8.114,31 ;
NFS;148329;13436;06/01/2026;17:32;DINATEC PECAS E SERVICOS LTDA;56.124.506/0001-67;TALITA ATENDIM DIRETO;TALITA SANTOS STEVANELLI;RODONAVES ATE 100 KG; 10.889,73 ;
NFS;148330;13453;07/01/2026;08:11;MARCELO DE ALMEIDA BORBA CIA LTDA;88.965.736/0001-45;REPRESENTACOES JT LTDA.;GABRIELA FERREIRA NUNES;TW TRANSPORTES WALDEMAR LTDA (S); 6.684,15 ;
NFS;148331;13449;07/01/2026;08:44;AUTO PECAS ROSA & QUEIROZ LTDA - EPP;16.994.188/0001-70;MARROM REPRESENTAÇÕES LTDA.;RENATA FERREIRA;ENLOG TRANSPORTES E LOGISTICA LTDA ME(N) (EMBORCACAO); 3.552,10 ;
NFS;148332;13484;07/01/2026;08:45;TRIEIXO DIESEL PARTS;61.190.608/0001-10;VIVIANE ATENDIM DIRETO;VIVIANE GOMES DOS SANTOS;O PROPRIO; 3.692,69 ;
NFS;148333;13486;07/01/2026;09:04;REV COMERCIO E REPRESENTACOES LTDA;34.969.576/0001-83;R DA SILVA LIMA & CIA LTDA;RENATA FERREIRA;RODOCARGAS NORDESTE LTDA.(S); 13.396,92 ;
NFS;148334;13454;07/01/2026;09:14;N.A. & CIA LTDA ME;07.274.043/0001-04;VANORTE REPRESENTAÇOES LTDA;RENATA FERREIRA;TRANSVITALINO TRANSP. DE CARGAS VITALINO EIRELI (N; 3.425,71 ;
NFS;148337;13482;07/01/2026;10:47;TRUCK CENTER UMUARAMA LTDA ME;12.493.902/0001-96;AAR CISCATO LTDA.;LUAN CLEMENTE COSTA;BRASPRESS BRASIL TRANSP. INTERMODAL LTDA (COLETA); 1.700,10 ;
NFS;148339;13459;07/01/2026;11:07;AUTO PECAS DALDEGAN LTDA;03.762.256/0001-24;FABIO MAGELA CARVALHO DE FREITAS ME;MARINETE GONÇALVES DE OLIVEIRA;TRANS MINAS TRANSPORTES LTDA - EPP. (N); 8.457,43 ;
NFS;148340;13481;07/01/2026;11:37;FREIOS TURBO LTDA;03.662.866/0001-56;DUTRA DE MELO REPRESENTACOES LTDA ME;FRANCIELLE DE OLIVEIRA BUENO;RODONASA CARGAS E ENCOMENDAS LTDA (N); 4.077,09 ;
NFS;148341;13456;07/01/2026;11:40;AUTO PECAS PERIMETRAL LTDA;07.647.850/0001-25;DUTRA DE MELO REPRESENTACOES LTDA ME;FRANCIELLE DE OLIVEIRA BUENO;RODONAVES TRANSPORTES E ENCOMENDAS LTDA; 8.763,52 ;
NFS;148342;13434;07/01/2026;11:46;JS DISTRIBUIDORA DE PECAS S/A;04.185.877/0025-22;GABRIEL ATENDIMENTO DIRETO;GABRIEL NEVES;ALFA TRANSPORTES ESPECIAIS LTDA; 3.076,46 ;
NFS;148343;13477;07/01/2026;12:16;DINATEC PECAS E SERVICOS LTDA;56.124.506/0004-00;THAIS ATENDIM DIRETO;THAIS SERPA KOVACIC;RODONAVES ATE 100 KG; 4.164,28 ;
NFS;148344;13491;07/01/2026;14:09;MASSADA DISTRIBUIDORA DE AUTO PECAS LTDA - EPP;23.671.280/0001-65;RICARDO ATENDIM DIRETO;JOSE RICARDO ZAGHI;SPEED WORK TRANSPORTES LTDA; 41.586,60 ;
NFS;148346;13504;07/01/2026;14:51;DICAF DIESEL COMERCIO DE AUTO PEÇASE SERVIÇOS LTDA.;34.265.737/0001-58;GABRIEL ATENDIMENTO DIRETO;GABRIEL NEVES;O PROPRIO; 3.172,16 ;
NFS;148347;13415;07/01/2026;15:46;DECAUPECAS COMERCIO DE PECAS LTDA;04.288.331/0001-20;VIVIANE ATENDIM DIRETO;VIVIANE GOMES DOS SANTOS;O PROPRIO; 6.269,42 ;
NFS;148348;13483;07/01/2026;16:01;DINATEC PECAS E SERVICOS LTDA;56.124.506/0006-71;THAIS ATENDIM DIRETO;THAIS SERPA KOVACIC;RODONAVES ATE 100 KG; 13.543,67 ;
NFS;148350;13500;07/01/2026;16:04;DIRCAMPE COM. DE PECAS E SERV. AUTOM. LTDA.;23.287.307/0001-10;VIVIANE ATENDIM DIRETO;VIVIANE GOMES DOS SANTOS;RODONAVES ATE 100 KG; 3.177,94 ;
NFS;148351;13492;07/01/2026;16:05;MERCANTE DISTRIBUIDORA DE AUTO PECAS LTDA;04.575.672/0003-48;RICARDO ATENDIM DIRETO;JOSE RICARDO ZAGHI;SPEED WORK TRANSPORTES LTDA; 74.008,06 ;
NFS;148352;13495;07/01/2026;16:33;BRASIL DISTRIBUIDORA AUTOMOTIVA;15.174.510/0001-52;WALDISNEY REPRESENTACOES LTDA. M.E.;ANDRE OLIVEIRA;TRES ESTRELAS TURISMO LTDA.(N); 1.417,02 ;
NFS;148354;13466;07/01/2026;16:42;CAUPECAS COMERCIO LTDA;02.247.502/0001-47;AVANT COMERCIO E REPRESENTAÇOES;MARINETE GONÇALVES DE OLIVEIRA;TS CURSINO TRANSPORTE DE CARGA LTDA N; 10.841,04 ;
NFS;148355;13424;07/01/2026;16:43;BORMANA COMERCIO DE AUTO PECAS LTDA;93.527.794/0001-27;REPRESENTACOES JT LTDA.;GABRIELA FERREIRA NUNES;MILENIUM TRANSPORTES LTDA; 4.165,57 ;
NFS;148356;13440;07/01/2026;16:46;MORELATE SUDESTE DISTRIBUIDORA DE AUTO PECAS LTDA;36.047.577/0001-04;FRANCIELLE ATENDIM DIRETO;FRANCIELLE DE OLIVEIRA BUENO;MECANICA INDUSTRIAL CENTRO LTDA; 25.862,33 ;
NFS;148357;13458;07/01/2026;16:48;BORMANA COMERCIO DE AUTO PECAS LTDA;93.527.794/0001-27;REPRESENTACOES JT LTDA.;GABRIELA FERREIRA NUNES;MILENIUM TRANSPORTES LTDA; 6.920,82 ;
NFS;148358;13438;07/01/2026;16:49;APAIL DIESEL AUTOPECAS LTDA.;23.360.605/0003-50;FABIO MAGELA CARVALHO DE FREITAS ME;MARINETE GONÇALVES DE OLIVEIRA;EMPRESA DE TRANSPORTES MARTINS LTDA(S) (TRANSMARTINS); 25.697,88 ;
NFS;148359;13419;07/01/2026;16:49;BORMANA COMERCIO DE AUTO PECAS LTDA;93.527.794/0001-27;REPRESENTACOES JT LTDA.;GABRIELA FERREIRA NUNES;MILENIUM TRANSPORTES LTDA; 5.328,73 ;
NFS;148360;13463;07/01/2026;16:58;BELLAN & LOPES LTDA;72.092.406/0001-52;AAR CISCATO LTDA.;LUAN CLEMENTE COSTA;TRANS APUCARANA TRANSPORTES RODOVIARIOS LTDA (COLETA); 3.077,84 ;
NFS;148363;13505;07/01/2026;17:24;ROSELI MARIA DE MORAES FERRAZ;03.059.737/0001-78;AAR CISCATO LTDA.;LUAN CLEMENTE COSTA;RODONAVES ATE 100 KG; 4.262,71 ;
NFS;148364;13488;07/01/2026;17:30;AURELIA VIANA NOGUEIRA ME;10.308.806/0001-03;EXPAND REPRESENTACOES E CONSULTORIA LTDA;JONATAS TEIXEIRA;MULTI CARGAS LTDA.(COLETA); 2.080,10 ;
NFS;148365;13443;07/01/2026;17:40;VAREJAO COMERCIO E SERVICOS LTDA;14.897.423/0001-60;AVANT COMERCIO E REPRESENTAÇOES;MARINETE GONÇALVES DE OLIVEIRA;TRANSPECAS TRANSPORTES ESP. DE CARGAS E REPRESENTAÇÃO LTDA (N); 7.202,30 ;
NFS;148366;13506;08/01/2026;08:29;LEJUDA COMERCIO DE PECAS DIESEL LTDA - EPP;22.216.499/0001-01;GABRIEL ATENDIMENTO DIRETO;GABRIEL NEVES;O PROPRIO; 3.328,92 ;
NFS;148367;13487;08/01/2026;08:42;EDER ROBERTO DE OLIVEIRA FRANCA - ME;00.435.484/0003-63;GABRIEL ATENDIMENTO DIRETO;GABRIEL NEVES;JTO TRANSPORTES LTDA (SETEX); 4.025,49 ;
NFS;148372;13493;08/01/2026;09:34;L B ALBUQUERQUE;07.331.265/0001-11;ANDRE ATENDIM DIRETO;ANDRE OLIVEIRA;TRANSPRESS TRANSPORTES EXPRESSO LTDA.(N); 6.132,82 ;
NFS;148373;13507;08/01/2026;09:39;MORELATE SUDESTE DISTRIBUIDORA DE AUTO PECAS LTDA;36.047.577/0001-04;FRANCIELLE ATENDIM DIRETO;FRANCIELLE DE OLIVEIRA BUENO;MECANICA INDUSTRIAL CENTRO LTDA; 5.683,80 ;
NFS;148376;13489;08/01/2026;10:27;METTA DISTRIBUIDORA DE PECAS LTDA;29.700.349/0001-18;JC REPRESENTACOES EIRELI;JONATAS TEIXEIRA;RODONAVES ATE 100 KG; 9.156,46 ;
NFS;148377;13490;08/01/2026;10:41;BANDEIRA DISTRIBUIDORA DE PECAS P/ CAMINHOES LTDA;52.311.923/0001-68;WALDISNEY REPRESENTACOES LTDA. M.E.;ANDRE OLIVEIRA;SOLIDA TRANSPORTES LT; 6.623,81 ;
NFS;148378;13455;08/01/2026;10:45;CENTAUROS DISTRIBUIDORA DE PECAS LTDA.;24.691.990/0001-10;WALDISNEY REPRESENTACOES LTDA. M.E.;ANDRE OLIVEIRA;RADLOG TRANSPORTES LTDA.(N); 5.002,16 ;
NFS;148379;13512;08/01/2026;11:08;TRIEIXO DIESEL PARTS;61.190.608/0001-10;VIVIANE ATENDIM DIRETO;VIVIANE GOMES DOS SANTOS;O PROPRIO; 2.971,80 ;
NFS;148380;13509;08/01/2026;11:10;R2 COMERCIO DE PECAS CAMINHOES LTDA;38.015.372/0001-64;VIVIANE ATENDIM DIRETO;VIVIANE GOMES DOS SANTOS;NEW BIGTRANS TRANSPORTES LTDA (BIGTRANS); 5.008,71 ;
NFS;148381;13499;08/01/2026;11:35;DINATEC PECAS E SERVICOS LTDA;56.124.506/0010-58;TALITA ATENDIM DIRETO;TALITA SANTOS STEVANELLI;RODONAVES ATE 100 KG; 2.740,06 ;
NFS;148382;13518;08/01/2026;15:03;MID DISTRIBUIDORA DE PECAS LTDA;16.722.117/0001-19;WALDISNEY REPRESENTACOES LTDA. M.E.;ANDRE OLIVEIRA;SOLIDA TRANSPORTES LT; 4.413,83 ;
NFS;148387;13515;08/01/2026;15:42;MASTER PECAS DIESEL LTDA - EPP;17.348.809/0001-01;MARROM REPRESENTAÇÕES LTDA.;RENATA FERREIRA;UNIAO TRANSP. DE ENCOMENDAS E COM.(N); 4.978,63 ;
NFS;148388;13496;08/01/2026;15:45;TROVARELLI & PERES LTDA;04.766.892/0001-97;ALTERNATIVAS EM PECAS DE REPOSICAO AUTOMOTIVAS LTDA;FRANCIELLE DE OLIVEIRA BUENO;RODONAVES ATE 100 KG; 2.234,50 ;
NFS;148389;13517;08/01/2026;15:49;AUTO PECAS DALDEGAN LTDA;03.762.256/0001-24;FABIO MAGELA CARVALHO DE FREITAS ME;MARINETE GONÇALVES DE OLIVEIRA;TRANS MINAS TRANSPORTES LTDA - EPP. (N); 4.455,91 ;
NFS;148390;13497;08/01/2026;15:53;SJG COMÉRCIO EM GERAL LTDA;32.764.247/0001-70;ALTERNATIVAS EM PECAS DE REPOSICAO AUTOMOTIVAS LTDA;FRANCIELLE DE OLIVEIRA BUENO;MECANICA INDUSTRIAL CENTRO LTDA; 3.567,67 ;
NFS;148391;13510;08/01/2026;16:14;PAULO LOPES MACHADO AUTO PECAS;81.252.207/0001-55;AAR CISCATO LTDA.;LUAN CLEMENTE COSTA;EXPRESSO PRINCESA DOS CAMPOS S/A (N); 6.268,63 ;
NFS;148393;13435;08/01/2026;17:01;REDIESEL - RECIFE AUTODIESEL LTDA;35.512.722/0001-00;AVANT COMERCIO E REPRESENTAÇOES;MARINETE GONÇALVES DE OLIVEIRA;TS CURSINO TRANSPORTE DE CARGA LTDA N; 22.578,86 ;
NFS;148394;13503;08/01/2026;17:24;A D CAVALCANTI GALDINO EIRELI;20.324.499/0001-08;WMC REPRESENTAÇÕES COMERCIAIS LTDA;FRANCIELLE DE OLIVEIRA BUENO;CENTRAL FELIX LOG. E TRANSPORTE LTDA(N) (CENTRAL FELIX); 4.035,48 ;
NFS;148395;13514;08/01/2026;17:26;R.NEVES DE SOUZA & CIA LTDA;45.375.693/0001-35;LUAN ATENDIMENTO DIRETO;LUAN CLEMENTE COSTA;JORTEK TRANSPORTES E COMERCIO LTDA EPP(N); 9.559,90 ;
NFS;148396;13513;08/01/2026;17:31;BRANDAO & TORMINATO LTDA;00.769.702/0001-34;REPRESENTACOES MARINHO LTDA;GABRIEL NEVES;ST SOLUÇÃO TRANSPORTES LOGISTICA LTDA(N); 15.667,15 ;
NFS;148397;13485;08/01/2026;17:34;MERC DIESEL DISTRIBUIDORA DE PECAS LTDA.;28.398.501/0003-59;AVM REPRESENTACOES LTDA.;JONATAS TEIXEIRA;KR TRANSPORTES E LOGISTICA LTDA.(N); 28.114,75 ;
NFS;148403;13511;09/01/2026;11:09;EMPECAUTO DISTRIBUIDORA DE PEÇAS PARA VEICULOS LTDA;81.079.808/0001-08;AAR CISCATO LTDA.;LUAN CLEMENTE COSTA;RODSUL TRANSPORTES N; 22.441,98 ;
NFS;148405;13520;09/01/2026;13:36;AUTO PECAS BRAESPA LTDA;25.815.135/0001-36;DUTRA DE MELO REPRESENTACOES LTDA ME;FRANCIELLE DE OLIVEIRA BUENO;JM ARAUJO TRANSPORTES LTDA; 6.845,18 ;
NFS;148406;13521;09/01/2026;13:37;AMP COMERCIO E DISTRIBUIDORA LTDA;41.909.672/0001-00;DUTRA DE MELO REPRESENTACOES LTDA ME;FRANCIELLE DE OLIVEIRA BUENO;VCB CARGAS LTDA N; 9.118,62 ;
NFS;148409;13508;09/01/2026;15:15;DICOPEL DIESEL COMERCIO DE PECAS LTDA.;00.200.072/0001-82;VIVIANE ATENDIM DIRETO;VIVIANE GOMES DOS SANTOS;RAPIDO 90 TRANSPORTES LTDA.(N); 6.318,43 ;
NFS;148410;13516;09/01/2026;15:16;ROCHESTER DISTRIBUIDORA DE AUTO PECAS S/A;61.170.841/0001-31;VIVIANE ATENDIM DIRETO;VIVIANE GOMES DOS SANTOS;MECANICA INDUSTRIAL CENTRO LTDA; 6.339,36 ;
NFS;148411;13523;09/01/2026;15:24;ESTRELA AUTO PECAS LTDA - ME;15.197.210/0001-99;MARROM REPRESENTAÇÕES LTDA.;RENATA FERREIRA;GRANCUCAR TRANSPORTES LTDA.(N); 6.954,14 ;
NFS;148412;13524;09/01/2026;15:24;VESCOVI COMERCIO DE PECAS E ACESSORIOS LTDA;39.714.358/0001-11;AAR CISCATO LTDA.;LUAN CLEMENTE COSTA;RODONAVES TRANSPORTES E ENCOMENDAS LTDA; 5.977,23 ;
NFS;148413;13522;09/01/2026;15:26;MERCAPECAS CASA DO MERCEDES LTDA;02.761.265/0001-38;MARROM REPRESENTAÇÕES LTDA.;RENATA FERREIRA;UDILOG TRANSPORTE RODOVIARIO(S); 4.673,33 ;
NFS;148414;13528;09/01/2026;16:05;DINASCANIA COMERCIO DE PECAS LTDA;14.184.781/0001-26;VIVIANE ATENDIM DIRETO;VIVIANE GOMES DOS SANTOS;RODONAVES ATE 100 KG; 4.333,87 ;
NFS;148415;13530;09/01/2026;16:08;PARTNER DISTRIBUIDORA DE PECAS EIRELI;24.822.582/0003-11;AAR CISCATO LTDA.;JONATAS TEIXEIRA;RODONAVES ATE 100 KG; 4.342,04 ;
NFS;148416;13529;09/01/2026;17:23;ACESSOCAR COMERCIO DE PECAS LTDA.;95.771.424/0001-66;FTC CATARINENSE REPRESENTACOES COMERCIAIS LTDA;TALITA SANTOS STEVANELLI;TRANSGOSS TRANSPORTES RODOVIARIOS LTDA; 10.936,13 ;
NFS;148417;13527;12/01/2026;08:48;FACANHA COM. DE PECAS E ACES. E SERV. AUT. LTDA.;07.801.078/0001-54;EXPAND REPRESENTACOES E CONSULTORIA LTDA;JONATAS TEIXEIRA;TRANSPORTADORA ECONOMICA LTDA S; 27.218,43 ;
NFS;148418;13531;12/01/2026;09:04;ALLODIESEL AUTO PEÇAS LTDA;09.648.236/0001-03;VIVIANE ATENDIM DIRETO;VIVIANE GOMES DOS SANTOS;NEW BIGTRANS TRANSPORTES LTDA (BIGTRANS); 8.137,15 ;
NFS;148419;13537;12/01/2026;10:30;MORELATE SUDESTE DISTRIBUIDORA DE AUTOPECAS S/A;36.047.577/0004-49;FRANCIELLE ATENDIM DIRETO;FRANCIELLE DE OLIVEIRA BUENO;SPEED WORK TRANSPORTES LTDA; 14.917,07 ;
PDV;;13418;05/01/2026;09:02;MASSADA DISTRIBUIDORA DE AUTO PECAS LTDA - EPP;23.671.280/0001-65;RICARDO ATENDIM DIRETO;JOSE RICARDO ZAGHI;CORREIO; 1.533,00 ;
PDV;;13433;05/01/2026;11:23;BR COMPANY IMPORTACAO EXPORTACAO DE PECAS LTDA;10.313.421/0001-26;VIVIANE ATENDIM DIRETO;VIVIANE GOMES DOS SANTOS;MECANICA INDUSTRIAL CENTRO LTDA; 1.926,00 ;
PDV;;13442;05/01/2026;14:35;VP DISTRIBUIDORA DE PECAS EIRELI;28.279.009/0001-00;VIVIANE ATENDIM DIRETO;VIVIANE GOMES DOS SANTOS;RODONAVES ATE 100 KG; 6.783,12 ;
PDV;;13461;05/01/2026;17:36;GC GUSCAR COMERCIO DE AUTO PECAS LTDA;05.213.329/0003-16;THAIS ATENDIM DIRETO;THAIS SERPA KOVACIC;LINSKY TRANSP. E TURISMO EIRELI (HMC); 8.554,06 ;
PDV;;13464;06/01/2026;09:54;MERCEVOLVO AUTO PECAS LTDA-ME;01.476.929/0001-54;DUTRA DE MELO REPRESENTACOES LTDA ME;FRANCIELLE DE OLIVEIRA BUENO;UNITRANS LOGISTICA E TRANSPORTE LTDA; 6.609,71 ;
PDV;;13465;06/01/2026;10:19;VOLNEI FERST & CIA LTDA.;31.385.089/0001-85;REPRESENTACOES JT LTDA.;GABRIELA FERREIRA NUNES;TW TRANSPORTES WALDEMAR LTDA (S); 7.297,46 ;
PDV;;13494;07/01/2026;10:31;MASSADA DISTRIBUIDORA DE AUTO PECAS LTDA - EPP;23.671.280/0001-65;RICARDO ATENDIM DIRETO;JOSE RICARDO ZAGHI;SPEED WORK TRANSPORTES LTDA; 180,00 ;
PDV;;13498;07/01/2026;10:46;JOSE ADELSON DOS SANTOS;21.698.351/0001-98;WMC REPRESENTAÇÕES COMERCIAIS LTDA;FRANCIELLE DE OLIVEIRA BUENO;TRANSCOMPRAS TRANSPORTES COMPRAS COM.LTDA (COLETA); 12.657,74 ;
PDV;;13502;07/01/2026;11:03;COPECAL DISTRIBUIDORA DE AUTO PECAS LTDA;07.018.204/0001-07;KOLLING REPRESENTAÇÕES COMERCIAIS LTDA.;LUAN CLEMENTE COSTA;ST SOLUÇÃO TRANSPORTES LOGISTICA LTDA(N); 7.680,33 ;
PDV;;13519;08/01/2026;16:11;RSC COMERCIO DE PECAS PARA CAMINHOES LTDA;05.849.430/0001-04;REPRESENTACOES JT LTDA.;GABRIELA FERREIRA NUNES;RODOV.BEDIN LTDA (PANEX)COLETA; 4.165,10 ;
PDV;;13525;09/01/2026;10:48;COELHO, FARIAS & RIBEIRO SOLUÇÕES DAS PECAS AUTOMOTIVA;52.159.582/0001-57;FERNANDES REPRESENTAÇÕES LTDA – ME;ANDRE OLIVEIRA;SPC TRANSPORTES LTDA - ME. (N); 13.469,63 ;
PDV;;13532;09/01/2026;15:16;DINAMAR - PECAS E SERVICOS MARILIA LTDA;00.019.643/0006-91;VIVIANE ATENDIM DIRETO;VIVIANE GOMES DOS SANTOS;RODONAVES ATE 100 KG; 7.468,76 ;
PDV;;13533;09/01/2026;16:01;DIESEL SETE PECAS LTDA;64.435.670/0001-13;FABIO MAGELA CARVALHO DE FREITAS ME;MARINETE GONÇALVES DE OLIVEIRA;SETE LAGOAS TRANSPORTES LTDA (ROTEIRO); 13.658,74 ;
PDV;;13534;09/01/2026;16:54;M.G.S AUTO PECAS LTDA;10.315.632/0001-06;VANORTE REPRESENTAÇOES LTDA;RENATA FERREIRA;TRANSVITALINO TRANSP. DE CARGAS VITALINO EIRELI (N; 1.655,85 ;
PDV;;13535;09/01/2026;17:04;GLAUBER GUIMARAES PEREIRA EIRELI;21.499.725/0001-46;GABRIEL ATENDIMENTO DIRETO;GABRIEL NEVES;JTO TRANSPORTES LTDA (SETEX); 11.100,00 ;
PDV;;13541;12/01/2026;09:52;DINATEC PECAS E SERVICOS LTDA;56.124.506/0001-67;TALITA ATENDIM DIRETO;TALITA SANTOS STEVANELLI;RODONAVES ATE 100 KG; 6.514,40 ;
